ID,Name
615ef4a5fc13ae6ec800044c,Rea
615ef4a5fc13ae6ec800044d,Aleda
615ef4a5fc13ae6ec800044e,Roxanna
615ef4a5fc13ae6ec800044f,Ibby
615ef4a5fc13ae6ec8000450,Juliann
615ef4a5fc13ae6ec8000451,Renate
615ef4a5fc13ae6ec8000452,Janie
615ef4a5fc13ae6ec8000453,Denyse
615ef4a5fc13ae6ec8000454,Vin
615ef4a5fc13ae6ec8000455,Nolana
615ef4a5fc13ae6ec8000456,Reeva
615ef4a5fc13ae6ec8000457,Arlyn
615ef4a5fc13ae6ec8000458,Chelsae
615ef4a5fc13ae6ec8000459,Bonnee
615ef4a5fc13ae6ec800045a,Dorthea
615ef4a5fc13ae6ec800045b,Sara-ann
615ef4a5fc13ae6ec800045c,Brinn
615ef4a5fc13ae6ec800045d,Caria
615ef4a5fc13ae6ec800045e,Mariam
615ef4a5fc13ae6ec800045f,Corliss
615ef4a5fc13ae6ec8000460,Keelia
615ef4a5fc13ae6ec8000461,Gaylene
615ef4a5fc13ae6ec8000462,Meg
615ef4a5fc13ae6ec8000463,Carmel
615ef4a5fc13ae6ec8000464,Mora
615ef4a5fc13ae6ec8000465,Betteann
615ef4a5fc13ae6ec8000466,Holli
615ef4a5fc13ae6ec8000467,Kalinda
615ef4a5fc13ae6ec8000468,Sisile
615ef4a5fc13ae6ec8000469,Harriott
615ef4a5fc13ae6ec800046a,Lavina
615ef4a5fc13ae6ec800046b,Donni
615ef4a5fc13ae6ec800046c,Lorri
615ef4a5fc13ae6ec800046d,Ceciley
615ef4a5fc13ae6ec800046e,Beverlie
615ef4a5fc13ae6ec800046f,Vittoria
615ef4a5fc13ae6ec8000470,Leticia
615ef4a5fc13ae6ec8000471,Rafa
615ef4a5fc13ae6ec8000472,Mickie
615ef4a5fc13ae6ec8000473,Reina
615ef4a5fc13ae6ec8000474,Emilie
615ef4a5fc13ae6ec8000475,Eleen
615ef4a5fc13ae6ec8000476,Oralie
615ef4a5fc13ae6ec8000477,Rey
615ef4a5fc13ae6ec8000478,Muire
615ef4a5fc13ae6ec8000479,Rebekah
615ef4a5fc13ae6ec800047a,Gilbertina
615ef4a5fc13ae6ec800047b,Torie
615ef4a5fc13ae6ec800047c,Odelia
615ef4a5fc13ae6ec800047d,Verine
615ef4a5fc13ae6ec800047e,Murial
615ef4a5fc13ae6ec800047f,Willette
615ef4a5fc13ae6ec8000480,Lyssa
615ef4a5fc13ae6ec8000481,Arlina
615ef4a5fc13ae6ec8000482,Laure
615ef4a5fc13ae6ec8000483,Ailee
615ef4a5fc13ae6ec8000484,Eugenia
615ef4a5fc13ae6ec8000485,Nikaniki
615ef4a5fc13ae6ec8000486,Tomasine
615ef4a5fc13ae6ec8000487,Luisa
615ef4a5fc13ae6ec8000488,Terese
615ef4a5fc13ae6ec8000489,Karmen
615ef4a5fc13ae6ec800048a,Jaclin
615ef4a5fc13ae6ec800048b,Karleen
615ef4a5fc13ae6ec800048c,Hyacinthe
615ef4a5fc13ae6ec800048d,Mira
615ef4a5fc13ae6ec800048e,Mellisent
615ef4a5fc13ae6ec800048f,Effie
615ef4a5fc13ae6ec8000490,Dela
615ef4a5fc13ae6ec8000491,Silvia
615ef4a5fc13ae6ec8000492,Britte
615ef4a5fc13ae6ec8000493,Brittani
615ef4a5fc13ae6ec8000494,Hestia
615ef4a5fc13ae6ec8000495,Gilly
615ef4a5fc13ae6ec8000496,Madeline
615ef4a5fc13ae6ec8000497,Beilul
615ef4a5fc13ae6ec8000498,Sascha
615ef4a5fc13ae6ec8000499,Yettie
615ef4a5fc13ae6ec800049a,Terrye
615ef4a5fc13ae6ec800049b,Christine
615ef4a5fc13ae6ec800049c,Elspeth
615ef4a5fc13ae6ec800049d,Nessie
615ef4a5fc13ae6ec800049e,Jenica
615ef4a5fc13ae6ec800049f,Deb
615ef4a5fc13ae6ec80004a0,Mandi
615ef4a5fc13ae6ec80004a1,Idaline
615ef4a5fc13ae6ec80004a2,Odette
615ef4a5fc13ae6ec80004a3,Gavrielle
615ef4a5fc13ae6ec80004a4,Tami
615ef4a5fc13ae6ec80004a5,Marguerite
615ef4a5fc13ae6ec80004a6,Theodora
615ef4a5fc13ae6ec80004a7,Carlye
615ef4a5fc13ae6ec80004a8,Ceil
615ef4a5fc13ae6ec80004a9,Doti
615ef4a5fc13ae6ec80004aa,Cyndi
615ef4a5fc13ae6ec80004ab,Daryn
615ef4a5fc13ae6ec80004ac,Davida
615ef4a5fc13ae6ec80004ad,Ileana
615ef4a5fc13ae6ec80004ae,Margot
615ef4a5fc13ae6ec80004af,Cindie
615ef4a5fc13ae6ec80004b0,Krissie
615ef4a5fc13ae6ec80004b1,Charline
615ef4a5fc13ae6ec80004b2,Trudey
615ef4a5fc13ae6ec80004b3,Sadye
615ef4a5fc13ae6ec80004b4,Carrissa
615ef4a5fc13ae6ec80004b5,Adella
615ef4a5fc13ae6ec80004b6,Maryanna
615ef4a5fc13ae6ec80004b7,Trixi
615ef4a5fc13ae6ec80004b8,Betty
615ef4a5fc13ae6ec80004b9,Emily
615ef4a5fc13ae6ec80004ba,Jobye
615ef4a5fc13ae6ec80004bb,Dorolisa
615ef4a5fc13ae6ec80004bc,Sherrie
615ef4a5fc13ae6ec80004bd,Windy
615ef4a5fc13ae6ec80004be,Marla
615ef4a5fc13ae6ec80004bf,Ailis
615ef4a5fc13ae6ec80004c0,Stephana
615ef4a5fc13ae6ec80004c1,Roda
615ef4a5fc13ae6ec80004c2,Muire
615ef4a5fc13ae6ec80004c3,Berget
615ef4a5fc13ae6ec80004c4,Malissia
615ef4a5fc13ae6ec80004c5,Marcy
615ef4a5fc13ae6ec80004c6,Gabey
615ef4a5fc13ae6ec80004c7,Ainslee
615ef4a5fc13ae6ec80004c8,Nelie
615ef4a5fc13ae6ec80004c9,Deloria
615ef4a5fc13ae6ec80004ca,Viv
615ef4a5fc13ae6ec80004cb,Cynthia
615ef4a5fc13ae6ec80004cc,Lacey
615ef4a5fc13ae6ec80004cd,Dionne
615ef4a5fc13ae6ec80004ce,Kriste
615ef4a5fc13ae6ec80004cf,Amitie
615ef4a5fc13ae6ec80004d0,Gerry
615ef4a5fc13ae6ec80004d1,Erinna
615ef4a5fc13ae6ec80004d2,Aline
615ef4a5fc13ae6ec80004d3,Lauri
615ef4a5fc13ae6ec80004d4,Blondie
615ef4a5fc13ae6ec80004d5,Mil
615ef4a5fc13ae6ec80004d6,Margalit
615ef4a5fc13ae6ec80004d7,Bessie
615ef4a5fc13ae6ec80004d8,Elnora
615ef4a5fc13ae6ec80004d9,Della
615ef4a5fc13ae6ec80004da,Shane
615ef4a5fc13ae6ec80004db,Aurie
615ef4a5fc13ae6ec80004dc,Adoree
615ef4a5fc13ae6ec80004dd,Kimberli
615ef4a5fc13ae6ec80004de,Melli
615ef4a5fc13ae6ec80004df,Charmion
615ef4a5fc13ae6ec80004e0,Shirl
615ef4a5fc13ae6ec80004e1,Fidela
615ef4a5fc13ae6ec80004e2,Mildrid
615ef4a5fc13ae6ec80004e3,Bevvy
615ef4a5fc13ae6ec80004e4,Blake
615ef4a5fc13ae6ec80004e5,Deborah
615ef4a5fc13ae6ec80004e6,Waly
615ef4a5fc13ae6ec80004e7,Moll
615ef4a5fc13ae6ec80004e8,Karla
615ef4a5fc13ae6ec80004e9,Jeanette
615ef4a5fc13ae6ec80004ea,Dorey
615ef4a5fc13ae6ec80004eb,Nannie
615ef4a5fc13ae6ec80004ec,Noreen
615ef4a5fc13ae6ec80004ed,Paulie
615ef4a5fc13ae6ec80004ee,Lula
615ef4a5fc13ae6ec80004ef,L;urette
615ef4a5fc13ae6ec80004f0,Emilia
615ef4a5fc13ae6ec80004f1,Dixie
615ef4a5fc13ae6ec80004f2,Kimberly
615ef4a5fc13ae6ec80004f3,Julia
615ef4a5fc13ae6ec80004f4,Christyna
615ef4a5fc13ae6ec80004f5,Giana
615ef4a5fc13ae6ec80004f6,Malorie
615ef4a5fc13ae6ec80004f7,Auguste
615ef4a5fc13ae6ec80004f8,Krista
615ef4a5fc13ae6ec80004f9,Julissa
615ef4a5fc13ae6ec80004fa,Sukey
615ef4a5fc13ae6ec80004fb,Celeste
615ef4a5fc13ae6ec80004fc,Lacie
615ef4a5fc13ae6ec80004fd,Faina
615ef4a5fc13ae6ec80004fe,Sydelle
615ef4a5fc13ae6ec80004ff,Dulcy
615ef4a5fc13ae6ec8000500,Letizia
615ef4a5fc13ae6ec8000501,Mahala
615ef4a5fc13ae6ec8000502,Chantal
615ef4a5fc13ae6ec8000503,Ynez
615ef4a5fc13ae6ec8000504,Adda
615ef4a5fc13ae6ec8000505,Alikee
615ef4a5fc13ae6ec8000506,Edi
615ef4a5fc13ae6ec8000507,Elayne
615ef4a5fc13ae6ec8000508,Walliw
615ef4a5fc13ae6ec8000509,Roda
615ef4a5fc13ae6ec800050a,Lynde
615ef4a5fc13ae6ec800050b,Gisella
615ef4a5fc13ae6ec800050c,Kathrine
615ef4a5fc13ae6ec800050d,Raquela
615ef4a5fc13ae6ec800050e,Rubetta
615ef4a5fc13ae6ec800050f,Petronilla
615ef4a5fc13ae6ec8000510,Faye
615ef4a5fc13ae6ec8000511,Gabey
615ef4a5fc13ae6ec8000512,Cicily
615ef4a5fc13ae6ec8000513,Della
615ef4a5fc13ae6ec8000514,Denni
615ef4a5fc13ae6ec8000515,Arline
615ef4a5fc13ae6ec8000516,Cornela
615ef4a5fc13ae6ec8000517,Malva
615ef4a5fc13ae6ec8000518,Jilli
615ef4a5fc13ae6ec8000519,Delores
615ef4a5fc13ae6ec800051a,Malinda
615ef4a5fc13ae6ec800051b,Shelley
615ef4a5fc13ae6ec800051c,Melanie
615ef4a5fc13ae6ec800051d,Henriette
615ef4a5fc13ae6ec800051e,Norene
615ef4a5fc13ae6ec800051f,Letitia
615ef4a5fc13ae6ec8000520,Page
615ef4a5fc13ae6ec8000521,Bess
615ef4a5fc13ae6ec8000522,Vania
615ef4a5fc13ae6ec8000523,Elisabet
615ef4a5fc13ae6ec8000524,Anatola
615ef4a5fc13ae6ec8000525,Bryn
615ef4a5fc13ae6ec8000526,Gilbertine
615ef4a5fc13ae6ec8000527,Lavina
615ef4a5fc13ae6ec8000528,Melesa
615ef4a5fc13ae6ec8000529,Barb
615ef4a5fc13ae6ec800052a,Mela
615ef4a5fc13ae6ec800052b,Elva
615ef4a5fc13ae6ec800052c,Orelia
615ef4a5fc13ae6ec800052d,Goldi
615ef4a5fc13ae6ec800052e,Allianora
615ef4a5fc13ae6ec800052f,Nana
615ef4a5fc13ae6ec8000530,Tawsha
615ef4a5fc13ae6ec8000531,Petrina
615ef4a5fc13ae6ec8000532,Cathi
615ef4a5fc13ae6ec8000533,Fenelia
615ef4a5fc13ae6ec8000534,Jinny
615ef4a5fc13ae6ec8000535,Karie
615ef4a5fc13ae6ec8000536,Darci
615ef4a5fc13ae6ec8000537,Dyann
615ef4a5fc13ae6ec8000538,Loren
615ef4a5fc13ae6ec8000539,Valeria
615ef4a5fc13ae6ec800053a,Edithe
615ef4a5fc13ae6ec800053b,Georgeta
615ef4a5fc13ae6ec800053c,Nikoletta
615ef4a5fc13ae6ec800053d,Billy
615ef4a5fc13ae6ec800053e,Jewell
615ef4a5fc13ae6ec800053f,Marni
615ef4a5fc13ae6ec8000540,Odille
615ef4a5fc13ae6ec8000541,Grayce
615ef4a5fc13ae6ec8000542,Renata
615ef4a5fc13ae6ec8000543,Arabela
615ef4a5fc13ae6ec8000544,Kass
615ef4a5fc13ae6ec8000545,Allegra
615ef4a5fc13ae6ec8000546,Fania
615ef4a5fc13ae6ec8000547,Johannah
615ef4a5fc13ae6ec8000548,Lorine
615ef4a5fc13ae6ec8000549,Aurilia
615ef4a5fc13ae6ec800054a,Gaye
615ef4a5fc13ae6ec800054b,Auguste
615ef4a5fc13ae6ec800054c,Lissa
615ef4a5fc13ae6ec800054d,Keriann
615ef4a5fc13ae6ec800054e,Laurel
615ef4a5fc13ae6ec800054f,Melanie
615ef4a5fc13ae6ec8000550,Cal
615ef4a5fc13ae6ec8000551,Cleopatra
615ef4a5fc13ae6ec8000552,Robby
615ef4a5fc13ae6ec8000553,Arabela
615ef4a5fc13ae6ec8000554,Guenevere
615ef4a5fc13ae6ec8000555,Heddie
615ef4a5fc13ae6ec8000556,Minnnie
615ef4a5fc13ae6ec8000557,Martha
615ef4a5fc13ae6ec8000558,Katherine
615ef4a5fc13ae6ec8000559,Bea
615ef4a5fc13ae6ec800055a,Nert
615ef4a5fc13ae6ec800055b,Gabbie
615ef4a5fc13ae6ec800055c,Aveline
615ef4a5fc13ae6ec800055d,Milicent
615ef4a5fc13ae6ec800055e,Anny
615ef4a5fc13ae6ec800055f,Annadiane
615ef4a5fc13ae6ec8000560,Nerita
615ef4a5fc13ae6ec8000561,Shirleen
615ef4a5fc13ae6ec8000562,Jacqueline
615ef4a5fc13ae6ec8000563,Sharla
615ef4a5fc13ae6ec8000564,Morissa
615ef4a5fc13ae6ec8000565,Fred
615ef4a5fc13ae6ec8000566,Sheilakathryn
615ef4a5fc13ae6ec8000567,Ariela
615ef4a5fc13ae6ec8000568,Raychel
615ef4a5fc13ae6ec8000569,Lela
615ef4a5fc13ae6ec800056a,Matilde
615ef4a5fc13ae6ec800056b,Tanhya
615ef4a5fc13ae6ec800056c,Rebbecca
615ef4a5fc13ae6ec800056d,Frances
615ef4a5fc13ae6ec800056e,Cecilia
615ef4a5fc13ae6ec800056f,Thea
615ef4a5fc13ae6ec8000570,Maryanne
615ef4a5fc13ae6ec8000571,Darice
615ef4a5fc13ae6ec8000572,Nana
615ef4a5fc13ae6ec8000573,Jsandye
615ef4a5fc13ae6ec8000574,Samaria
615ef4a5fc13ae6ec8000575,Nanci
615ef4a5fc13ae6ec8000576,Wylma
615ef4a5fc13ae6ec8000577,Doria
615ef4a5fc13ae6ec8000578,Ardeen
615ef4a5fc13ae6ec8000579,Susan
615ef4a5fc13ae6ec800057a,Lorita
615ef4a5fc13ae6ec800057b,Sibby
615ef4a5fc13ae6ec800057c,Babara
615ef4a5fc13ae6ec800057d,Tabby
615ef4a5fc13ae6ec800057e,Pris
615ef4a5fc13ae6ec800057f,Tanya
615ef4a5fc13ae6ec8000580,Wendeline
615ef4a5fc13ae6ec8000581,Marget
615ef4a5fc13ae6ec8000582,Pauletta
615ef4a5fc13ae6ec8000583,Lani
615ef4a5fc13ae6ec8000584,Dehlia
615ef4a5fc13ae6ec8000585,Annecorinne
615ef4a5fc13ae6ec8000586,Callida
615ef4a5fc13ae6ec8000587,Kaleena
615ef4a5fc13ae6ec8000588,Bernadette
615ef4a5fc13ae6ec8000589,Janith
615ef4a5fc13ae6ec800058a,Gerri
615ef4a5fc13ae6ec800058b,Torrie
615ef4a5fc13ae6ec800058c,Orelia
615ef4a5fc13ae6ec800058d,Estel
615ef4a5fc13ae6ec800058e,Danyette
615ef4a5fc13ae6ec800058f,Karola
615ef4a5fc13ae6ec8000590,Didi
615ef4a5fc13ae6ec8000591,Madella
615ef4a5fc13ae6ec8000592,Faith
615ef4a5fc13ae6ec8000593,Theodosia
615ef4a5fc13ae6ec8000594,Mia
615ef4a5fc13ae6ec8000595,Ediva
615ef4a5fc13ae6ec8000596,Alica
615ef4a5fc13ae6ec8000597,Shel
615ef4a5fc13ae6ec8000598,Berenice
615ef4a5fc13ae6ec8000599,Trixie
615ef4a5fc13ae6ec800059a,Daria
615ef4a5fc13ae6ec800059b,Catarina
615ef4a5fc13ae6ec800059c,Abigale
615ef4a5fc13ae6ec800059d,Nerty
615ef4a5fc13ae6ec800059e,Lynnette
615ef4a5fc13ae6ec800059f,Bernette
615ef4a5fc13ae6ec80005a0,Linnell
615ef4a5fc13ae6ec80005a1,Minnie
615ef4a5fc13ae6ec80005a2,Caprice
615ef4a5fc13ae6ec80005a3,Emili
615ef4a5fc13ae6ec80005a4,Suellen
615ef4a5fc13ae6ec80005a5,Chantal
615ef4a5fc13ae6ec80005a6,Fredi
615ef4a5fc13ae6ec80005a7,Zaria
615ef4a5fc13ae6ec80005a8,Stepha
615ef4a5fc13ae6ec80005a9,Arlene
615ef4a5fc13ae6ec80005aa,Melony
615ef4a5fc13ae6ec80005ab,Bobbi
615ef4a5fc13ae6ec80005ac,Nyssa
615ef4a5fc13ae6ec80005ad,Bobbette
615ef4a5fc13ae6ec80005ae,Harrietta
615ef4a5fc13ae6ec80005af,Jacinta
615ef4a5fc13ae6ec80005b0,Nell
615ef4a5fc13ae6ec80005b1,Kari
615ef4a5fc13ae6ec80005b2,Ermina
615ef4a5fc13ae6ec80005b3,Marla
615ef4a5fc13ae6ec80005b4,Shayla
615ef4a5fc13ae6ec80005b5,Verine
615ef4a5fc13ae6ec80005b6,Maitilde
615ef4a5fc13ae6ec80005b7,Brittni
615ef4a5fc13ae6ec80005b8,Yasmeen
615ef4a5fc13ae6ec80005b9,Teodora
615ef4a5fc13ae6ec80005ba,Liv
615ef4a5fc13ae6ec80005bb,Charlena
615ef4a5fc13ae6ec80005bc,Kizzie
615ef4a5fc13ae6ec80005bd,Noellyn
615ef4a5fc13ae6ec80005be,Kalie
615ef4a5fc13ae6ec80005bf,Valencia
615ef4a5fc13ae6ec80005c0,Coriss
615ef4a5fc13ae6ec80005c1,Nita
615ef4a5fc13ae6ec80005c2,Micki
615ef4a5fc13ae6ec80005c3,Emera
615ef4a5fc13ae6ec80005c4,Lilyan
615ef4a5fc13ae6ec80005c5,Robin
615ef4a5fc13ae6ec80005c6,Madalyn
615ef4a5fc13ae6ec80005c7,Moyna
615ef4a5fc13ae6ec80005c8,Kiley
615ef4a5fc13ae6ec80005c9,Jodie
615ef4a5fc13ae6ec80005ca,Salomi
615ef4a5fc13ae6ec80005cb,Dix
615ef4a5fc13ae6ec80005cc,Agnola
615ef4a5fc13ae6ec80005cd,Maurita
615ef4a5fc13ae6ec80005ce,Inesita
615ef4a5fc13ae6ec80005cf,Honoria
615ef4a5fc13ae6ec80005d0,Dinah
615ef4a5fc13ae6ec80005d1,Lexine
615ef4a5fc13ae6ec80005d2,Kirsteni
615ef4a5fc13ae6ec80005d3,Shell
615ef4a5fc13ae6ec80005d4,Vernice
615ef4a5fc13ae6ec80005d5,Melloney
615ef4a5fc13ae6ec80005d6,Issie
615ef4a5fc13ae6ec80005d7,Lindy
615ef4a5fc13ae6ec80005d8,Nettle
615ef4a5fc13ae6ec80005d9,Shanna
615ef4a5fc13ae6ec80005da,Orelie
615ef4a5fc13ae6ec80005db,Donelle
615ef4a5fc13ae6ec80005dc,Winna
615ef4a5fc13ae6ec80005dd,Brandy
615ef4a5fc13ae6ec80005de,Olva
615ef4a5fc13ae6ec80005df,Carey
615ef4a5fc13ae6ec80005e0,Gates
615ef4a5fc13ae6ec80005e1,Coreen
615ef4a5fc13ae6ec80005e2,Carmella
615ef4a5fc13ae6ec80005e3,Ondrea
615ef4a5fc13ae6ec80005e4,Alvera
615ef4a5fc13ae6ec80005e5,Viviene
615ef4a5fc13ae6ec80005e6,Silva
615ef4a5fc13ae6ec80005e7,Ofelia
615ef4a5fc13ae6ec80005e8,Anallese
615ef4a5fc13ae6ec80005e9,Antonetta
615ef4a5fc13ae6ec80005ea,Sandie
615ef4a5fc13ae6ec80005eb,Belle
615ef4a5fc13ae6ec80005ec,Kelsi
615ef4a5fc13ae6ec80005ed,Gaye
615ef4a5fc13ae6ec80005ee,Rozanna
615ef4a5fc13ae6ec80005ef,Gusta
615ef4a5fc13ae6ec80005f0,Lilli
615ef4a5fc13ae6ec80005f1,Ranice
615ef4a5fc13ae6ec80005f2,Janeen
615ef4a5fc13ae6ec80005f3,Jessa
615ef4a5fc13ae6ec80005f4,Candice
615ef4a5fc13ae6ec80005f5,Olivie
615ef4a5fc13ae6ec80005f6,Catlee
615ef4a5fc13ae6ec80005f7,Coreen
615ef4a5fc13ae6ec80005f8,Camila
615ef4a5fc13ae6ec80005f9,Lexy
615ef4a5fc13ae6ec80005fa,Quintana
615ef4a5fc13ae6ec80005fb,Minni
615ef4a5fc13ae6ec80005fc,Bride
615ef4a5fc13ae6ec80005fd,Denice
615ef4a5fc13ae6ec80005fe,Blinnie
615ef4a5fc13ae6ec80005ff,Sher
615ef4a5fc13ae6ec8000600,Marissa
615ef4a5fc13ae6ec8000601,Merrielle
615ef4a5fc13ae6ec8000602,Gillan
615ef4a5fc13ae6ec8000603,Betsy
615ef4a5fc13ae6ec8000604,Leland
615ef4a5fc13ae6ec8000605,Hailee
615ef4a5fc13ae6ec8000606,Celestina
615ef4a5fc13ae6ec8000607,Teirtza
615ef4a5fc13ae6ec8000608,Teddi
615ef4a5fc13ae6ec8000609,Antonia
615ef4a5fc13ae6ec800060a,Patty
615ef4a5fc13ae6ec800060b,Arliene
615ef4a5fc13ae6ec800060c,Darla
615ef4a5fc13ae6ec800060d,Austine
615ef4a5fc13ae6ec800060e,Jermaine
615ef4a5fc13ae6ec800060f,Angelika
615ef4a5fc13ae6ec8000610,Georgianna
615ef4a5fc13ae6ec8000611,Nicki
615ef4a5fc13ae6ec8000612,Ediva
615ef4a5fc13ae6ec8000613,Taryn
615ef4a5fc13ae6ec8000614,Lillis
615ef4a5fc13ae6ec8000615,Kirbie
615ef4a5fc13ae6ec8000616,Mil
615ef4a5fc13ae6ec8000617,Hyacinthie
615ef4a5fc13ae6ec8000618,Karine
615ef4a5fc13ae6ec8000619,Christine
615ef4a5fc13ae6ec800061a,Dulcine
615ef4a5fc13ae6ec800061b,Shannah
615ef4a5fc13ae6ec800061c,Carola
615ef4a5fc13ae6ec800061d,Marj
615ef4a5fc13ae6ec800061e,Vicky
615ef4a5fc13ae6ec800061f,Genny
615ef4a5fc13ae6ec8000620,Anastasia
615ef4a5fc13ae6ec8000621,Zora
615ef4a5fc13ae6ec8000622,Adela
615ef4a5fc13ae6ec8000623,Liuka
615ef4a5fc13ae6ec8000624,Timothea
615ef4a5fc13ae6ec8000625,Libbi
615ef4a5fc13ae6ec8000626,Becki
615ef4a5fc13ae6ec8000627,Fayth
615ef4a5fc13ae6ec8000628,Kaylee
615ef4a5fc13ae6ec8000629,Tim
615ef4a5fc13ae6ec800062a,Madge
615ef4a5fc13ae6ec800062b,Dona
615ef4a5fc13ae6ec800062c,Gabie
615ef4a5fc13ae6ec800062d,Avrit
615ef4a5fc13ae6ec800062e,Megen
615ef4a5fc13ae6ec800062f,Theda
615ef4a5fc13ae6ec8000630,Dareen
615ef4a5fc13ae6ec8000631,Aurilia
615ef4a5fc13ae6ec8000632,Olivia
615ef4a5fc13ae6ec8000633,Noemi
615ef4a5fc13ae6ec8000634,Della
615ef4a5fc13ae6ec8000635,Gwenora
615ef4a5fc13ae6ec8000636,Ernesta
615ef4a5fc13ae6ec8000637,Lucia
615ef4a5fc13ae6ec8000638,Bria
615ef4a5fc13ae6ec8000639,Bari
615ef4a5fc13ae6ec800063a,Oralle
615ef4a5fc13ae6ec800063b,Junie
615ef4a5fc13ae6ec800063c,Taryn
615ef4a5fc13ae6ec800063d,Giuditta
615ef4a5fc13ae6ec800063e,Stesha
615ef4a5fc13ae6ec800063f,Morissa
615ef4a5fc13ae6ec8000640,Nadia
615ef4a5fc13ae6ec8000641,Berthe
615ef4a5fc13ae6ec8000642,Gwennie
615ef4a5fc13ae6ec8000643,Kellie
615ef4a5fc13ae6ec8000644,Doralyn
615ef4a5fc13ae6ec8000645,Hollie
615ef4a5fc13ae6ec8000646,Lissie
615ef4a5fc13ae6ec8000647,Melli
615ef4a5fc13ae6ec8000648,Cicely
615ef4a5fc13ae6ec8000649,Lacee
615ef4a5fc13ae6ec800064a,Mona
615ef4a5fc13ae6ec800064b,Willette
615ef4a5fc13ae6ec800064c,Kirstyn
615ef4a5fc13ae6ec800064d,Issy
615ef4a5fc13ae6ec800064e,Tonia
615ef4a5fc13ae6ec800064f,Bel
615ef4a5fc13ae6ec8000650,Minda
615ef4a5fc13ae6ec8000651,Noreen
615ef4a5fc13ae6ec8000652,Lyndel
615ef4a5fc13ae6ec8000653,Lonnie
615ef4a5fc13ae6ec8000654,Abigail
615ef4a5fc13ae6ec8000655,Sacha
615ef4a5fc13ae6ec8000656,Debra
615ef4a5fc13ae6ec8000657,Flori
615ef4a5fc13ae6ec8000658,Windy
615ef4a5fc13ae6ec8000659,Kimmi
615ef4a5fc13ae6ec800065a,Floria
615ef4a5fc13ae6ec800065b,Nertie
615ef4a5fc13ae6ec800065c,Feodora
615ef4a5fc13ae6ec800065d,Florette
615ef4a5fc13ae6ec800065e,Anthia
615ef4a5fc13ae6ec800065f,Brittni
615ef4a5fc13ae6ec8000660,Melony
615ef4a5fc13ae6ec8000661,Harriot
615ef4a5fc13ae6ec8000662,Britteny
615ef4a5fc13ae6ec8000663,Vinny
615ef4a5fc13ae6ec8000664,Frederique
615ef4a5fc13ae6ec8000665,Willabella
615ef4a5fc13ae6ec8000666,Darice
615ef4a5fc13ae6ec8000667,Agnesse
615ef4a5fc13ae6ec8000668,Philipa
615ef4a5fc13ae6ec8000669,Doroteya
615ef4a5fc13ae6ec800066a,Kelcie
615ef4a5fc13ae6ec800066b,Adelice
615ef4a5fc13ae6ec800066c,Kristien
615ef4a5fc13ae6ec800066d,Gabie
615ef4a5fc13ae6ec800066e,Tony
615ef4a5fc13ae6ec800066f,Adiana
615ef4a5fc13ae6ec8000670,Marthena
615ef4a5fc13ae6ec8000671,Janine
615ef4a5fc13ae6ec8000672,Darleen
615ef4a5fc13ae6ec8000673,Katy
615ef4a5fc13ae6ec8000674,Kaitlynn
615ef4a5fc13ae6ec8000675,Joan
615ef4a5fc13ae6ec8000676,Ainsley
615ef4a5fc13ae6ec8000677,Lenee
615ef4a5fc13ae6ec8000678,Idalia
615ef4a5fc13ae6ec8000679,Lucy
615ef4a5fc13ae6ec800067a,Quintilla
615ef4a5fc13ae6ec800067b,Estele
615ef4a5fc13ae6ec800067c,Agna
615ef4a5fc13ae6ec800067d,Poppy
615ef4a5fc13ae6ec800067e,Virginia
615ef4a5fc13ae6ec800067f,Erinn
615ef4a5fc13ae6ec8000680,Livia
615ef4a5fc13ae6ec8000681,Dorothee
615ef4a5fc13ae6ec8000682,Annabela
615ef4a5fc13ae6ec8000683,Marlene
615ef4a5fc13ae6ec8000684,Ardys
615ef4a5fc13ae6ec8000685,Edie
615ef4a5fc13ae6ec8000686,Ashien
615ef4a5fc13ae6ec8000687,Romona
615ef4a5fc13ae6ec8000688,Kiah
615ef4a5fc13ae6ec8000689,Megan
615ef4a5fc13ae6ec800068a,Philipa
615ef4a5fc13ae6ec800068b,Hermina
615ef4a5fc13ae6ec800068c,Willamina
615ef4a5fc13ae6ec800068d,Perri
615ef4a5fc13ae6ec800068e,Beatrisa
615ef4a5fc13ae6ec800068f,Prudence
615ef4a5fc13ae6ec8000690,Kristan
615ef4a5fc13ae6ec8000691,Merilyn
615ef4a5fc13ae6ec8000692,Erin
615ef4a5fc13ae6ec8000693,Shirleen
615ef4a5fc13ae6ec8000694,Marylin
615ef4a5fc13ae6ec8000695,Dulcine
615ef4a5fc13ae6ec8000696,Wrennie
615ef4a5fc13ae6ec8000697,Ailina
615ef4a5fc13ae6ec8000698,Elga
615ef4a5fc13ae6ec8000699,Ashlan
615ef4a5fc13ae6ec800069a,Alleen
615ef4a5fc13ae6ec800069b,Francene
615ef4a5fc13ae6ec800069c,Kelci
615ef4a5fc13ae6ec800069d,Joycelin
615ef4a5fc13ae6ec800069e,Danna
615ef4a5fc13ae6ec800069f,Yoko
615ef4a5fc13ae6ec80006a0,Patti
615ef4a5fc13ae6ec80006a1,Danyelle
615ef4a5fc13ae6ec80006a2,Tova
615ef4a5fc13ae6ec80006a3,Jodie
615ef4a5fc13ae6ec80006a4,Dasi
615ef4a6fc13ae6ec80006a5,Latrena
615ef4a6fc13ae6ec80006a6,Cynthie
615ef4a6fc13ae6ec80006a7,Brietta
615ef4a6fc13ae6ec80006a8,Leena
615ef4a6fc13ae6ec80006a9,Britni
615ef4a6fc13ae6ec80006aa,Lucienne
615ef4a6fc13ae6ec80006ab,Hedvig
615ef4a6fc13ae6ec80006ac,Candice
615ef4a6fc13ae6ec80006ad,Moyra
615ef4a6fc13ae6ec80006ae,Gwen
615ef4a6fc13ae6ec80006af,Gilly
615ef4a6fc13ae6ec80006b0,Lillian
615ef4a6fc13ae6ec80006b1,Nike
615ef4a6fc13ae6ec80006b2,Grissel
615ef4a6fc13ae6ec80006b3,Rosa
615ef4a6fc13ae6ec80006b4,Ruperta
615ef4a6fc13ae6ec80006b5,Allx
615ef4a6fc13ae6ec80006b6,Kristel
615ef4a6fc13ae6ec80006b7,Tiffani
615ef4a6fc13ae6ec80006b8,Druci
615ef4a6fc13ae6ec80006b9,Eada
615ef4a6fc13ae6ec80006ba,Brandice
615ef4a6fc13ae6ec80006bb,Tammi
615ef4a6fc13ae6ec80006bc,Hinda
615ef4a6fc13ae6ec80006bd,Desdemona
615ef4a6fc13ae6ec80006be,Casi
615ef4a6fc13ae6ec80006bf,Marney
615ef4a6fc13ae6ec80006c0,Zorah
615ef4a6fc13ae6ec80006c1,Elsy
615ef4a6fc13ae6ec80006c2,Brinna
615ef4a6fc13ae6ec80006c3,Leonelle
615ef4a6fc13ae6ec80006c4,Paulina
615ef4a6fc13ae6ec80006c5,Barbey
615ef4a6fc13ae6ec80006c6,Jeanelle
615ef4a6fc13ae6ec80006c7,Mureil
615ef4a6fc13ae6ec80006c8,Marylou
615ef4a6fc13ae6ec80006c9,Jacinta
615ef4a6fc13ae6ec80006ca,Esma
615ef4a6fc13ae6ec80006cb,Daniela
615ef4a6fc13ae6ec80006cc,Amelita
615ef4a6fc13ae6ec80006cd,Jennette
615ef4a6fc13ae6ec80006ce,Edyth
615ef4a6fc13ae6ec80006cf,Ashleigh
615ef4a6fc13ae6ec80006d0,Kania
615ef4a6fc13ae6ec80006d1,Elvera
615ef4a6fc13ae6ec80006d2,Eve
615ef4a6fc13ae6ec80006d3,Sandra
615ef4a6fc13ae6ec80006d4,Gale
615ef4a6fc13ae6ec80006d5,Madeleine
615ef4a6fc13ae6ec80006d6,Aubrey
615ef4a6fc13ae6ec80006d7,Jackqueline
615ef4a6fc13ae6ec80006d8,Minette
615ef4a6fc13ae6ec80006d9,Rasla
615ef4a6fc13ae6ec80006da,Deeyn
615ef4a6fc13ae6ec80006db,Stephana
615ef4a6fc13ae6ec80006dc,Pier
615ef4a6fc13ae6ec80006dd,Abbie
615ef4a6fc13ae6ec80006de,Merrily
615ef4a6fc13ae6ec80006df,Katuscha
615ef4a6fc13ae6ec80006e0,Cammie
615ef4a6fc13ae6ec80006e1,Cathe
615ef4a6fc13ae6ec80006e2,Jocelin
615ef4a6fc13ae6ec80006e3,Grayce
615ef4a6fc13ae6ec80006e4,Pamella
615ef4a6fc13ae6ec80006e5,Corabella
615ef4a6fc13ae6ec80006e6,Rozina
615ef4a6fc13ae6ec80006e7,Phebe
615ef4a6fc13ae6ec80006e8,Elicia
615ef4a6fc13ae6ec80006e9,Rhody
615ef4a6fc13ae6ec80006ea,Zonnya
615ef4a6fc13ae6ec80006eb,Augusta
615ef4a6fc13ae6ec80006ec,Dido
615ef4a6fc13ae6ec80006ed,Brynna
615ef4a6fc13ae6ec80006ee,Abbe
615ef4a6fc13ae6ec80006ef,Gerrilee
615ef4a6fc13ae6ec80006f0,Maud
615ef4a6fc13ae6ec80006f1,Madelena
615ef4a6fc13ae6ec80006f2,Miranda
615ef4a6fc13ae6ec80006f3,Shelli
615ef4a6fc13ae6ec80006f4,Monique
615ef4a6fc13ae6ec80006f5,Shelba
615ef4a6fc13ae6ec80006f6,Lianna
615ef4a6fc13ae6ec80006f7,Caron
615ef4a6fc13ae6ec80006f8,Ralina
615ef4a6fc13ae6ec80006f9,Tawnya
615ef4a6fc13ae6ec80006fa,Pierrette
615ef4a6fc13ae6ec80006fb,Reeba
615ef4a6fc13ae6ec80006fc,Cathryn
615ef4a6fc13ae6ec80006fd,Phoebe
615ef4a6fc13ae6ec80006fe,Caty
615ef4a6fc13ae6ec80006ff,Lyndsay
615ef4a6fc13ae6ec8000700,Cindee
615ef4a6fc13ae6ec8000701,Bryn
615ef4a6fc13ae6ec8000702,Kirbee
615ef4a6fc13ae6ec8000703,Saba
615ef4a6fc13ae6ec8000704,Margaretha
615ef4a6fc13ae6ec8000705,Feliza
615ef4a6fc13ae6ec8000706,Romona
615ef4a6fc13ae6ec8000707,Judith
615ef4a6fc13ae6ec8000708,Larisa
615ef4a6fc13ae6ec8000709,Arleta
615ef4a6fc13ae6ec800070a,Dolley
615ef4a6fc13ae6ec800070b,Zarah
615ef4a6fc13ae6ec800070c,Callida
615ef4a6fc13ae6ec800070d,Pauline
615ef4a6fc13ae6ec800070e,Pris
615ef4a6fc13ae6ec800070f,Del
615ef4a6fc13ae6ec8000710,Melisent
615ef4a6fc13ae6ec8000711,Tersina
615ef4a6fc13ae6ec8000712,Benny
615ef4a6fc13ae6ec8000713,Maryrose
615ef4a6fc13ae6ec8000714,Marice
615ef4a6fc13ae6ec8000715,Lyndsey
615ef4a6fc13ae6ec8000716,Calley
615ef4a6fc13ae6ec8000717,Marrilee
615ef4a6fc13ae6ec8000718,Mabelle
615ef4a6fc13ae6ec8000719,Sadella
615ef4a6fc13ae6ec800071a,Leodora
615ef4a6fc13ae6ec800071b,Mirella
615ef4a6fc13ae6ec800071c,Adriana
615ef4a6fc13ae6ec800071d,Eirena
615ef4a6fc13ae6ec800071e,Ami
615ef4a6fc13ae6ec800071f,Jennie
615ef4a6fc13ae6ec8000720,Lynnet
615ef4a6fc13ae6ec8000721,Della
615ef4a6fc13ae6ec8000722,Reggi
615ef4a6fc13ae6ec8000723,Noellyn
615ef4a6fc13ae6ec8000724,Flory
615ef4a6fc13ae6ec8000725,Perrine
615ef4a6fc13ae6ec8000726,Felicle
615ef4a6fc13ae6ec8000727,Zia
615ef4a6fc13ae6ec8000728,Sarette
615ef4a6fc13ae6ec8000729,Henriette
615ef4a6fc13ae6ec800072a,Jolene
615ef4a6fc13ae6ec800072b,Tedi
615ef4a6fc13ae6ec800072c,Susan
615ef4a6fc13ae6ec800072d,Betteann
615ef4a6fc13ae6ec800072e,Cristie
615ef4a6fc13ae6ec800072f,Meara
615ef4a6fc13ae6ec8000730,Bev
615ef4a6fc13ae6ec8000731,Kizzee
615ef4a6fc13ae6ec8000732,Catlaina
615ef4a6fc13ae6ec8000733,Courtenay
615ef4a6fc13ae6ec8000734,Anne
615ef4a6fc13ae6ec8000735,Kippy
615ef4a6fc13ae6ec8000736,Dierdre
615ef4a6fc13ae6ec8000737,Bathsheba
615ef4a6fc13ae6ec8000738,Michaella
615ef4a6fc13ae6ec8000739,Leigh
615ef4a6fc13ae6ec800073a,Bert
615ef4a6fc13ae6ec800073b,Martelle
615ef4a6fc13ae6ec800073c,Luci
615ef4a6fc13ae6ec800073d,Danika
615ef4a6fc13ae6ec800073e,Pam
615ef4a6fc13ae6ec800073f,Valentine
615ef4a6fc13ae6ec8000740,Helge
615ef4a6fc13ae6ec8000741,Hedda
615ef4a6fc13ae6ec8000742,Darcy
615ef4a6fc13ae6ec8000743,Jobyna
615ef4a6fc13ae6ec8000744,Holly-anne
615ef4a6fc13ae6ec8000745,Erinn
615ef4a6fc13ae6ec8000746,Rhodie
615ef4a6fc13ae6ec8000747,Charleen
615ef4a6fc13ae6ec8000748,Daniele
615ef4a6fc13ae6ec8000749,Elicia
615ef4a6fc13ae6ec800074a,Cathlene
615ef4a6fc13ae6ec800074b,Kath
615ef4a6fc13ae6ec800074c,Lissy
615ef4a6fc13ae6ec800074d,Issie
615ef4a6fc13ae6ec800074e,Germaine
615ef4a6fc13ae6ec800074f,Merrily
615ef4a6fc13ae6ec8000750,Shelagh
615ef4a6fc13ae6ec8000751,Ciel
615ef4a6fc13ae6ec8000752,Tessi
615ef4a6fc13ae6ec8000753,Henriette
615ef4a6fc13ae6ec8000754,Robinette
615ef4a6fc13ae6ec8000755,Lil
615ef4a6fc13ae6ec8000756,Verena
615ef4a6fc13ae6ec8000757,Cordie
615ef4a6fc13ae6ec8000758,Lonni
615ef4a6fc13ae6ec8000759,Gretna
615ef4a6fc13ae6ec800075a,Jackie
615ef4a6fc13ae6ec800075b,Melisse
615ef4a6fc13ae6ec800075c,Lidia
615ef4a6fc13ae6ec800075d,Frederique
615ef4a6fc13ae6ec800075e,Frankie
615ef4a6fc13ae6ec800075f,Buffy
615ef4a6fc13ae6ec8000760,Cora
615ef4a6fc13ae6ec8000761,Rosanne
615ef4a6fc13ae6ec8000762,Linnell
615ef4a6fc13ae6ec8000763,Christin
615ef4a6fc13ae6ec8000764,Corrie
615ef4a6fc13ae6ec8000765,Sheena
615ef4a6fc13ae6ec8000766,Valeda
615ef4a6fc13ae6ec8000767,Shaylah
615ef4a6fc13ae6ec8000768,Sella
615ef4a6fc13ae6ec8000769,Tana
615ef4a6fc13ae6ec800076a,Brooke
615ef4a6fc13ae6ec800076b,Jolee
615ef4a6fc13ae6ec800076c,Tori
615ef4a6fc13ae6ec800076d,Wini
615ef4a6fc13ae6ec800076e,Aigneis
615ef4a6fc13ae6ec800076f,Mehetabel
615ef4a6fc13ae6ec8000770,Joscelin
615ef4a6fc13ae6ec8000771,Tarra
615ef4a6fc13ae6ec8000772,Harriett
615ef4a6fc13ae6ec8000773,Roana
615ef4a6fc13ae6ec8000774,Dreddy
615ef4a6fc13ae6ec8000775,Gwyneth
615ef4a6fc13ae6ec8000776,Catie
615ef4a6fc13ae6ec8000777,Abigail
615ef4a6fc13ae6ec8000778,Stephani
615ef4a6fc13ae6ec8000779,Stesha
615ef4a6fc13ae6ec800077a,Brynne
615ef4a6fc13ae6ec800077b,Dahlia
615ef4a6fc13ae6ec800077c,Shayne
615ef4a6fc13ae6ec800077d,Lenora
615ef4a6fc13ae6ec800077e,Marie
615ef4a6fc13ae6ec800077f,Josi
615ef4a6fc13ae6ec8000780,Marrissa
615ef4a6fc13ae6ec8000781,Flossi
615ef4a6fc13ae6ec8000782,Almeda
615ef4a6fc13ae6ec8000783,Theodosia
615ef4a6fc13ae6ec8000784,Anneliese
615ef4a6fc13ae6ec8000785,Maye
615ef4a6fc13ae6ec8000786,Nicoline
615ef4a6fc13ae6ec8000787,Lee
615ef4a6fc13ae6ec8000788,Jonell
615ef4a6fc13ae6ec8000789,Sukey
615ef4a6fc13ae6ec800078a,Kelley
615ef4a6fc13ae6ec800078b,Morissa
615ef4a6fc13ae6ec800078c,Josee
615ef4a6fc13ae6ec800078d,Agnella
615ef4a6fc13ae6ec800078e,Joyous
615ef4a6fc13ae6ec800078f,Phyllis
615ef4a6fc13ae6ec8000790,Clarice
615ef4a6fc13ae6ec8000791,Zuzana
615ef4a6fc13ae6ec8000792,Eleen
615ef4a6fc13ae6ec8000793,Margret
615ef4a6fc13ae6ec8000794,Terri
615ef4a6fc13ae6ec8000795,Bryna
615ef4a6fc13ae6ec8000796,Dasya
615ef4a6fc13ae6ec8000797,Bertine
615ef4a6fc13ae6ec8000798,Sallyanne
615ef4a6fc13ae6ec8000799,Dara
615ef4a6fc13ae6ec800079a,Nikki
615ef4a6fc13ae6ec800079b,Joela
615ef4a6fc13ae6ec800079c,Patty
615ef4a6fc13ae6ec800079d,Jacklyn
615ef4a6fc13ae6ec800079e,Kary
615ef4a6fc13ae6ec800079f,Karon
615ef4a6fc13ae6ec80007a0,Sydney
615ef4a6fc13ae6ec80007a1,Merrili
615ef4a6fc13ae6ec80007a2,Beitris
615ef4a6fc13ae6ec80007a3,Vinni
615ef4a6fc13ae6ec80007a4,Winnifred
615ef4a6fc13ae6ec80007a5,Noemi
615ef4a6fc13ae6ec80007a6,Barbra
615ef4a6fc13ae6ec80007a7,Sadie
615ef4a6fc13ae6ec80007a8,Marjory
615ef4a6fc13ae6ec80007a9,Myrtie
615ef4a6fc13ae6ec80007aa,Di
615ef4a6fc13ae6ec80007ab,Ileana
615ef4a6fc13ae6ec80007ac,Gabie
615ef4a6fc13ae6ec80007ad,Jaime
615ef4a6fc13ae6ec80007ae,Halley
615ef4a6fc13ae6ec80007af,Edy
615ef4a6fc13ae6ec80007b0,Berni
615ef4a6fc13ae6ec80007b1,Gwennie
615ef4a6fc13ae6ec80007b2,Drusi
615ef4a6fc13ae6ec80007b3,Jennette
615ef4a6fc13ae6ec80007b4,Chiarra
615ef4a6fc13ae6ec80007b5,Vonny
615ef4a6fc13ae6ec80007b6,Amara
615ef4a6fc13ae6ec80007b7,Gwendolin
615ef4a6fc13ae6ec80007b8,Flo
615ef4a6fc13ae6ec80007b9,Lorilee
615ef4a6fc13ae6ec80007ba,Alexina
615ef4a6fc13ae6ec80007bb,Barbaraanne
615ef4a6fc13ae6ec80007bc,Katusha
615ef4a6fc13ae6ec80007bd,Dolores
615ef4a6fc13ae6ec80007be,Tomasina
615ef4a6fc13ae6ec80007bf,Arabele
615ef4a6fc13ae6ec80007c0,Nicolina
615ef4a6fc13ae6ec80007c1,Rozalin
615ef4a6fc13ae6ec80007c2,Lela
615ef4a6fc13ae6ec80007c3,Heddi
615ef4a6fc13ae6ec80007c4,Barbi
615ef4a6fc13ae6ec80007c5,Vinny
615ef4a6fc13ae6ec80007c6,Jacquenette
615ef4a6fc13ae6ec80007c7,Mildrid
615ef4a6fc13ae6ec80007c8,Jannel
615ef4a6fc13ae6ec80007c9,Cathrin
615ef4a6fc13ae6ec80007ca,Bobbi
615ef4a6fc13ae6ec80007cb,Myrtice
615ef4a6fc13ae6ec80007cc,Riane
615ef4a6fc13ae6ec80007cd,Atalanta
615ef4a6fc13ae6ec80007ce,Costanza
615ef4a6fc13ae6ec80007cf,Marguerite
615ef4a6fc13ae6ec80007d0,Karlotte
615ef4a6fc13ae6ec80007d1,Jeni
615ef4a6fc13ae6ec80007d2,Collie
615ef4a6fc13ae6ec80007d3,Scarlet
615ef4a6fc13ae6ec80007d4,Maryjo
615ef4a6fc13ae6ec80007d5,Brandi
615ef4a6fc13ae6ec80007d6,Brook
615ef4a6fc13ae6ec80007d7,Elladine
615ef4a6fc13ae6ec80007d8,Annmaria
615ef4a6fc13ae6ec80007d9,Susanna
615ef4a6fc13ae6ec80007da,Ardath
615ef4a6fc13ae6ec80007db,Yalonda
615ef4a6fc13ae6ec80007dc,Felita
615ef4a6fc13ae6ec80007dd,Effie
615ef4a6fc13ae6ec80007de,Ferne
615ef4a6fc13ae6ec80007df,Robinette
615ef4a6fc13ae6ec80007e0,Brianne
615ef4a6fc13ae6ec80007e1,Johnette
615ef4a6fc13ae6ec80007e2,Cherry
615ef4a6fc13ae6ec80007e3,Marlo
615ef4a6fc13ae6ec80007e4,Maddy
615ef4a6fc13ae6ec80007e5,Anthe
615ef4a6fc13ae6ec80007e6,Carissa
615ef4a6fc13ae6ec80007e7,Mara
615ef4a6fc13ae6ec80007e8,Polly
615ef4a6fc13ae6ec80007e9,Bryna
615ef4a6fc13ae6ec80007ea,Tally
615ef4a6fc13ae6ec80007eb,Cthrine
615ef4a6fc13ae6ec80007ec,Dedra
615ef4a6fc13ae6ec80007ed,Raeann
615ef4a6fc13ae6ec80007ee,Inez
615ef4a6fc13ae6ec80007ef,Devonna
615ef4a6fc13ae6ec80007f0,Marin
615ef4a6fc13ae6ec80007f1,Aileen
615ef4a6fc13ae6ec80007f2,Jolie
615ef4a6fc13ae6ec80007f3,Lyndsie
615ef4a6fc13ae6ec80007f4,Brit
615ef4a6fc13ae6ec80007f5,Beverlee
615ef4a6fc13ae6ec80007f6,Johna
615ef4a6fc13ae6ec80007f7,Kayley
615ef4a6fc13ae6ec80007f8,Ettie
615ef4a6fc13ae6ec80007f9,Anastasie
615ef4a6fc13ae6ec80007fa,Benita
615ef4a6fc13ae6ec80007fb,Elle
615ef4a6fc13ae6ec80007fc,Misti
615ef4a6fc13ae6ec80007fd,Jody
615ef4a6fc13ae6ec80007fe,Crystie
615ef4a6fc13ae6ec80007ff,Amelia
615ef4a6fc13ae6ec8000800,Cristin
615ef4a6fc13ae6ec8000801,Yalonda
615ef4a6fc13ae6ec8000802,Guenevere
615ef4a6fc13ae6ec8000803,Salaidh
615ef4a6fc13ae6ec8000804,Wenonah
615ef4a6fc13ae6ec8000805,Donnie
615ef4a6fc13ae6ec8000806,Junie
615ef4a6fc13ae6ec8000807,Rosita
615ef4a6fc13ae6ec8000808,Robinetta
615ef4a6fc13ae6ec8000809,Stacy
615ef4a6fc13ae6ec800080a,Jenilee
615ef4a6fc13ae6ec800080b,Sheree
615ef4a6fc13ae6ec800080c,Tim
615ef4a6fc13ae6ec800080d,Joanne
615ef4a6fc13ae6ec800080e,Angelita
615ef4a6fc13ae6ec800080f,Mildred
615ef4a6fc13ae6ec8000810,Shanna
615ef4a6fc13ae6ec8000811,Carmen
615ef4a6fc13ae6ec8000812,Angel
615ef4a6fc13ae6ec8000813,Grazia
615ef4a6fc13ae6ec8000814,Caro
615ef4a6fc13ae6ec8000815,Betteanne
615ef4a6fc13ae6ec8000816,Katya
615ef4a6fc13ae6ec8000817,Ibby
615ef4a6fc13ae6ec8000818,Eula
615ef4a6fc13ae6ec8000819,Audre
615ef4a6fc13ae6ec800081a,Suzanne
615ef4a6fc13ae6ec800081b,Madlin
615ef4a6fc13ae6ec800081c,Codi
615ef4a6fc13ae6ec800081d,Simonette
615ef4a6fc13ae6ec800081e,Ailis
615ef4a6fc13ae6ec800081f,Shelley
615ef4a6fc13ae6ec8000820,Cristina
615ef4a6fc13ae6ec8000821,Terrie
615ef4a6fc13ae6ec8000822,Kathryne
615ef4a6fc13ae6ec8000823,Crystie
615ef4a6fc13ae6ec8000824,Dorothee
615ef4a6fc13ae6ec8000825,Maribeth
615ef4a6fc13ae6ec8000826,Danni
615ef4a6fc13ae6ec8000827,Julianna
615ef4a6fc13ae6ec8000828,Lanna
615ef4a6fc13ae6ec8000829,Cordelia
615ef4a6fc13ae6ec800082a,Deeanne
615ef4a6fc13ae6ec800082b,Mufinella
615ef4a6fc13ae6ec800082c,Charo
615ef4a6fc13ae6ec800082d,Barbra
615ef4a6fc13ae6ec800082e,Darci
615ef4a6fc13ae6ec800082f,Meriel
615ef4a6fc13ae6ec8000830,Fran
615ef4a6fc13ae6ec8000831,Yvette
615ef4a6fc13ae6ec8000832,Kala
615ef4a6fc13ae6ec8000833,Maria
